Kaos Ondel Ondel,ONDE123,ONDE123,600000,200000,Kaos Ondel Ondel,1,MOCKUP_ONDE123.jpg,BANNER_ONDE123.jpg,DESIGN_ONDE123.jpg,1,4,tokped,tokped
Kaos Game,GAME001,GAME001,60000,70000,Kaos Game,1,MOCKUP_GAME001.jpg,BANNER_GAME001.jpg,DESIGN_GAME001.jpg,1,1,tokped,tokped
Kaos Ondel Ondel,ONDE123,ONDE123,600000,200000,Kaos Ondel Ondel,1,MOCKUP_ONDE123.jpg,BANNER_ONDE123.jpg,DESIGN_ONDE123.jpg,1,4,tokped,tokped
Kaos Game,GAME001,GAME001,60000,70000,Kaos Game,1,MOCKUP_GAME001.jpg,BANNER_GAME001.jpg,DESIGN_GAME001.jpg,1,1,tokped,tokped
Kaos Ondel Ondel,ONDE123,ONDE123,600000,200000,Kaos Ondel Ondel,1,MOCKUP_ONDE123.jpg,BANNER_ONDE123.jpg,DESIGN_ONDE123.jpg,1,4,tokped,tokped
Kaos Game,GAME001,GAME001,60000,70000,Kaos Game,1,MOCKUP_GAME001.jpg,BANNER_GAME001.jpg,DESIGN_GAME001.jpg,1,1,tokped,tokped
Kaos Ondel Ondel,ONDE123,ONDE123,600000,200000,Kaos Ondel Ondel,1,MOCKUP_ONDE123.jpg,BANNER_ONDE123.jpg,DESIGN_ONDE123.jpg,1,4,tokped,tokped
Kaos Game,GAME001,GAME001,60000,70000,Kaos Game,1,MOCKUP_GAME001.jpg,BANNER_GAME001.jpg,DESIGN_GAME001.jpg,1,1,tokped,tokped
Kaos Ondel Ondel,ONDE123,ONDE123,600000,200000,Kaos Ondel Ondel,1,MOCKUP_ONDE123.jpg,BANNER_ONDE123.jpg,DESIGN_ONDE123.jpg,1,4,tokped,tokped
Kaos Game,GAME001,GAME001,60000,70000,Kaos Game,1,MOCKUP_GAME001.jpg,BANNER_GAME001.jpg,DESIGN_GAME001.jpg,1,1,tokped,tokped
Kaos Ondel Ondel,ONDE123,ONDE123,600000,200000,Kaos Ondel Ondel,1,MOCKUP_ONDE123.jpg,BANNER_ONDE123.jpg,DESIGN_ONDE123.jpg,1,4,tokped,tokped
Kaos Game,GAME001,GAME001,60000,70000,Kaos Game,1,MOCKUP_GAME001.jpg,BANNER_GAME001.jpg,DESIGN_GAME001.jpg,1,1,tokped,tokped
Kaos Ondel Ondel,ONDE123,ONDE123,600000,200000,Kaos Ondel Ondel,1,MOCKUP_ONDE123.jpg,BANNER_ONDE123.jpg,DESIGN_ONDE123.jpg,1,4,tokped,tokped
Kaos Game,GAME001,GAME001,60000,70000,Kaos Game,1,MOCKUP_GAME001.jpg,BANNER_GAME001.jpg,DESIGN_GAME001.jpg,1,1,tokped,tokped
Kaos Ondel Ondel,ONDE123,ONDE123,600000,200000,Kaos Ondel Ondel,1,MOCKUP_ONDE123.jpg,BANNER_ONDE123.jpg,DESIGN_ONDE123.jpg,1,4,tokped,tokped
Kaos Game,GAME001,GAME001,60000,70000,Kaos Game,1,MOCKUP_GAME001.jpg,BANNER_GAME001.jpg,DESIGN_GAME001.jpg,1,1,tokped,tokped
Kaos Ondel Ondel,ONDE123,ONDE123,600000,200000,Kaos Ondel Ondel,1,MOCKUP_ONDE123.jpg,BANNER_ONDE123.jpg,DESIGN_ONDE123.jpg,1,4,tokped,tokped
Kaos Game,GAME001,GAME001,60000,70000,Kaos Game,1,MOCKUP_GAME001.jpg,BANNER_GAME001.jpg,DESIGN_GAME001.jpg,1,1,tokped,tokped
Kaos Ondel Ondel,ONDE123,ONDE123,600000,200000,Kaos Ondel Ondel,1,MOCKUP_ONDE123.jpg,BANNER_ONDE123.jpg,DESIGN_ONDE123.jpg,1,4,tokped,tokped
Kaos Game,GAME001,GAME001,60000,70000,Kaos Game,1,MOCKUP_GAME001.jpg,BANNER_GAME001.jpg,DESIGN_GAME001.jpg,1,1,tokped,tokped
